{"global_step": 9999360, "_timestamp": 1729571965.2815769, "_runtime": 792.275631904602, "_step": 50024, "charts/episodic_return": 8131.0, "charts/episodic_length": 247.0, "charts/learning_rate": 6.400409802154172e-07, "losses/value_loss": 11435.2431640625, "losses/policy_loss": -2.74181360282455e-07, "losses/entropy": 0.8807389140129089, "losses/old_approx_kl": -4.1816383600234985e-07, "losses/approx_kl": 1.0617076995345087e-08, "losses/clipfrac": 0.0, "losses/explained_variance": 0.09787881374359131, "charts/SPS": 12738.0, "_wandb": {"runtime": 788}}