{"global_step": 4999680, "_timestamp": 1729593329.876791, "_runtime": 816.6723909378052, "_step": 71147, "charts/episodic_return": 40.0, "charts/episodic_length": 98.0, "charts/learning_rate": 1.2800819604308344e-07, "losses/value_loss": 35.831626892089844, "losses/policy_loss": -6.780028627417778e-08, "losses/entropy": 0.17362837493419647, "losses/old_approx_kl": 9.34004765440477e-06, "losses/approx_kl": 1.0058283983482852e-08, "losses/clipfrac": 0.0, "losses/explained_variance": 0.5550707578659058, "charts/SPS": 6167.0, "_wandb": {"runtime": 816}}