{"global_step": 9999360, "_timestamp": 1729568999.7024581, "_runtime": 625.4691622257233, "_step": 25535, "charts/episodic_return": 44255.0, "charts/episodic_length": 1000.0, "charts/learning_rate": 6.400409802154172e-07, "losses/value_loss": 1688.51953125, "losses/policy_loss": -8.659064405946992e-06, "losses/entropy": 0.48703378438949585, "losses/old_approx_kl": 2.4339183255506214e-06, "losses/approx_kl": 1.6763805898989403e-09, "losses/clipfrac": 0.0, "losses/explained_variance": 0.8996872305870056, "charts/SPS": 16078.0, "_wandb": {"runtime": 624}}