{"global_step": 9999360, "_timestamp": 1729567784.9804611, "_runtime": 801.426931142807, "_step": 46540, "charts/episodic_return": 14550.0, "charts/episodic_length": 251.0, "charts/learning_rate": 6.400409802154172e-07, "losses/value_loss": 924.7965087890625, "losses/policy_loss": 5.808472451462876e-06, "losses/entropy": 0.2974589467048645, "losses/old_approx_kl": -4.233047548041213e-06, "losses/approx_kl": 1.4901161415892261e-09, "losses/clipfrac": 0.0, "losses/explained_variance": 0.49084579944610596, "charts/SPS": 12541.0, "_wandb": {"runtime": 800}}