{"global_step": 9999360, "_timestamp": 1729571907.191314, "_runtime": 787.2721710205078, "_step": 47975, "charts/episodic_return": 17022.0, "charts/episodic_length": 291.0, "charts/learning_rate": 6.400409802154172e-07, "losses/value_loss": 2600.081298828125, "losses/policy_loss": -3.203749656677246e-07, "losses/entropy": 0.3857455253601074, "losses/old_approx_kl": -3.8370490074157715e-07, "losses/approx_kl": 0.0, "losses/clipfrac": 0.0, "losses/explained_variance": 0.3693733811378479, "charts/SPS": 12748.0, "_wandb": {"runtime": 786}}