{"global_step": 4999680, "_timestamp": 1729600087.644774, "_runtime": 656.6048409938812, "_step": 80538, "charts/episodic_return": -50.0, "charts/episodic_length": 112.0, "charts/learning_rate": 1.2800819604308344e-07, "losses/value_loss": 48.61147689819336, "losses/policy_loss": 1.028180136586343e-07, "losses/entropy": 0.27425211668014526, "losses/old_approx_kl": 1.2048333701386582e-05, "losses/approx_kl": 8.568167508826718e-09, "losses/clipfrac": 0.0, "losses/explained_variance": 0.7504799962043762, "charts/SPS": 7665.0, "_wandb": {"runtime": 656}}