{"charts/episodic_return":0,"global_step":9,"losses/q_values":0.00043879193,"_wandb":{"runtime":1458},"charts/episodic_length":59,"eval/episodic_return":0,"losses/td_loss":0.00012510779,"_timestamp":1.7297069026465049e+09,"_runtime":1458.085269,"charts/SPS":3438,"_step":279636}