{"global_step": 4999680, "_timestamp": 1729598255.998595, "_runtime": 663.3439218997955, "_step": 86268, "charts/episodic_return": 26.0, "charts/episodic_length": 53.0, "charts/learning_rate": 1.2800819604308344e-07, "losses/value_loss": 2.6315126419067383, "losses/policy_loss": -6.865337581984932e-06, "losses/entropy": 0.28315800428390503, "losses/old_approx_kl": 9.2010941443732e-06, "losses/approx_kl": 8.381903171539307e-09, "losses/clipfrac": 0.0, "losses/explained_variance": 0.7987537384033203, "charts/SPS": 7583.0, "_wandb": {"runtime": 662}}