{"global_step": 4999680, "_timestamp": 1729593245.2501838, "_runtime": 780.3374338150024, "_step": 19544, "charts/episodic_return": 1250.0, "charts/episodic_length": 1000.0, "charts/learning_rate": 1.2800819604308344e-07, "losses/value_loss": 1.3288604021072388, "losses/policy_loss": -7.905810889496934e-06, "losses/entropy": 0.13792768120765686, "losses/old_approx_kl": -9.336601578979753e-06, "losses/approx_kl": 6.798654972328677e-09, "losses/clipfrac": 0.0, "losses/explained_variance": 0.9866277575492859, "charts/SPS": 6440.0, "_wandb": {"runtime": 779}}